logged_at,race_id,horse_num,horse_name,model_rank,p_win,p_bet,live_odds,ev
2026-10-03 09:20,202608040101,13,ジョルティーニ,1,0.2476,0.2910,2.0,0.582
2026-10-03 09:20,202608040101,5,ペアスターロード,2,0.1652,0.1451,8.0,1.161
2026-10-03 09:20,202608040101,3,ダノンアズール,3,0.0957,0.0940,8.7,0.818
2026-10-03 09:20,202608040101,2,レッドレヴェリー,4,0.0648,0.0653,11.8,0.771
2026-10-03 09:20,202608040101,4,アイボリータワー,5,0.0580,0.0701,8.0,0.560
2026-10-03 09:20,202608040101,1,プッシュバーン,6,0.0543,0.0415,67.5,2.800
2026-10-03 09:20,202608040101,15,ゴールデンレシオ,7,0.0511,0.0786,5.5,0.432
2026-10-03 09:20,202608040101,7,スナークモネ,8,0.0452,0.0366,48.1,1.758
2026-10-03 09:20,202608040101,8,ダイユウエゾフジ,9,0.0431,0.0325,100.1,3.256
2026-10-03 09:20,202608040101,12,ジャスコヒラリアス,10,0.0395,0.0376,23.6,0.889
2026-10-03 09:20,202608040101,6,テーオーライガ,11,0.0338,0.0257,117.5,3.018
2026-10-03 09:20,202608040101,9,ニドヅケキンシ,12,0.0335,0.0252,133.5,3.370
2026-10-03 09:20,202608040101,11,ヒルノアラゴン,13,0.0258,0.0196,148.3,2.910
2026-10-03 09:20,202608040101,10,ペプチドニンバス,14,0.0229,0.0218,40.3,0.880
2026-10-03 09:20,202608040101,14,レゾルートハート,15,0.0194,0.0153,133.7,2.051
