202603020501,2026-07-11 09:43
202610020501,2026-07-11 09:43
202602010902,2026-07-11 09:43
202603020502,2026-07-11 10:06
202610020502,2026-07-11 10:06
202603020503,2026-07-11 10:33
202610020503,2026-07-11 10:33
202602010903,2026-07-11 10:33
202610020504,2026-07-11 10:54
202602010904,2026-07-11 10:54
202603020504,2026-07-11 11:15
202603020507,2026-07-11 12:57
202610020507,2026-07-11 12:57
202602010907,2026-07-11 12:57
202603020510,2026-07-11 14:33
202610020510,2026-07-11 14:34
202602010910,2026-07-11 14:34
202603020511,2026-07-11 14:39
202610020511,2026-07-11 14:39
202602010911,2026-07-11 14:39
202603020512,2026-07-11 15:23
202610020512,2026-07-11 15:23
202602010912,2026-07-11 15:23
202603020601,2026-07-12 09:54
202603020602,2026-07-12 09:54
202610020602,2026-07-12 09:54
202610020603,2026-07-12 09:54
202602011002,2026-07-12 09:54
202602011003,2026-07-12 09:54
202603020603,2026-07-12 10:21
202610020604,2026-07-12 10:21
202602011004,2026-07-12 10:21
202603020604,2026-07-12 11:11
202602011005,2026-07-12 11:37
202603020605,2026-07-12 11:50
202610020605,2026-07-12 11:50
202602011006,2026-07-12 12:03
202610020606,2026-07-12 12:16
202603020606,2026-07-12 12:30
202610020607,2026-07-12 12:43
202602011007,2026-07-12 12:43
202603020607,2026-07-12 12:56
202602011008,2026-07-12 13:09
202603020608,2026-07-12 13:23
202610020608,2026-07-12 13:23
202602011009,2026-07-12 13:36
202610020609,2026-07-12 13:49
202603020609,2026-07-12 14:02
202610020610,2026-07-12 14:16
202602011010,2026-07-12 14:16
202603020610,2026-07-12 14:42
202602011011,2026-07-12 14:42
