logged_at,race_id,start_time,mins_to_post,phase,official_datetime,horse_num,odds,popularity
2026-10-03 09:07,202605040101,10:05,58,pre,2026-10-03 09:06:46,1,43.4,6
2026-10-03 09:07,202605040101,10:05,58,pre,2026-10-03 09:06:46,2,102.0,10
2026-10-03 09:07,202605040101,10:05,58,pre,2026-10-03 09:06:46,3,50.2,8
2026-10-03 09:07,202605040101,10:05,58,pre,2026-10-03 09:06:46,4,17.9,4
2026-10-03 09:07,202605040101,10:05,58,pre,2026-10-03 09:06:46,5,7.3,3
2026-10-03 09:07,202605040101,10:05,58,pre,2026-10-03 09:06:46,6,48.7,7
2026-10-03 09:07,202605040101,10:05,58,pre,2026-10-03 09:06:46,7,134.3,13
2026-10-03 09:07,202605040101,10:05,58,pre,2026-10-03 09:06:46,8,65.8,9
2026-10-03 09:07,202605040101,10:05,58,pre,2026-10-03 09:06:46,9,124.8,12
2026-10-03 09:07,202605040101,10:05,58,pre,2026-10-03 09:06:46,10,18.1,5
2026-10-03 09:07,202605040101,10:05,58,pre,2026-10-03 09:06:46,11,180.9,14
2026-10-03 09:07,202605040101,10:05,58,pre,2026-10-03 09:06:46,12,110.5,11
2026-10-03 09:07,202605040101,10:05,58,pre,2026-10-03 09:06:46,13,1.4,1
2026-10-03 09:07,202605040101,10:05,58,pre,2026-10-03 09:06:46,14,185.1,15
2026-10-03 09:07,202605040101,10:05,58,pre,2026-10-03 09:06:46,15,5.9,2
2026-10-03 09:07,202605040102,10:35,88,pre,2026-10-03 09:04:56,1,23.8,8
2026-10-03 09:07,202605040102,10:35,88,pre,2026-10-03 09:04:56,2,14.6,6
2026-10-03 09:07,202605040102,10:35,88,pre,2026-10-03 09:04:56,3,10.9,4
2026-10-03 09:07,202605040102,10:35,88,pre,2026-10-03 09:04:56,4,2.9,1
2026-10-03 09:07,202605040102,10:35,88,pre,2026-10-03 09:04:56,5,45.8,9
2026-10-03 09:07,202605040102,10:35,88,pre,2026-10-03 09:04:56,6,3.4,2
2026-10-03 09:07,202605040102,10:35,88,pre,2026-10-03 09:04:56,7,79.7,10
2026-10-03 09:07,202605040102,10:35,88,pre,2026-10-03 09:04:56,8,3.6,3
2026-10-03 09:07,202605040102,10:35,88,pre,2026-10-03 09:04:56,9,157.7,11
2026-10-03 09:07,202605040102,10:35,88,pre,2026-10-03 09:04:56,10,22.8,7
2026-10-03 09:07,202605040102,10:35,88,pre,2026-10-03 09:04:56,11,14.5,5
2026-10-03 09:07,202605040103,11:05,118,pre,2026-10-03 09:05:31,1,77.5,15
2026-10-03 09:07,202605040103,11:05,118,pre,2026-10-03 09:05:31,2,2.9,1
2026-10-03 09:07,202605040103,11:05,118,pre,2026-10-03 09:05:31,3,67.7,14
2026-10-03 09:07,202605040103,11:05,118,pre,2026-10-03 09:05:31,4,23.6,8
2026-10-03 09:07,202605040103,11:05,118,pre,2026-10-03 09:05:31,5,39.3,10
2026-10-03 09:07,202605040103,11:05,118,pre,2026-10-03 09:05:31,6,55.5,12
2026-10-03 09:07,202605040103,11:05,118,pre,2026-10-03 09:05:31,7,5.1,2
2026-10-03 09:07,202605040103,11:05,118,pre,2026-10-03 09:05:31,8,9.1,4
2026-10-03 09:07,202605040103,11:05,118,pre,2026-10-03 09:05:31,9,88.8,17
2026-10-03 09:07,202605040103,11:05,118,pre,2026-10-03 09:05:31,10,18.6,7
2026-10-03 09:07,202605040103,11:05,118,pre,2026-10-03 09:05:31,11,12.5,6
2026-10-03 09:07,202605040103,11:05,118,pre,2026-10-03 09:05:31,12,6.4,3
2026-10-03 09:07,202605040103,11:05,118,pre,2026-10-03 09:05:31,13,105.8,18
2026-10-03 09:07,202605040103,11:05,118,pre,2026-10-03 09:05:31,14,28.1,9
2026-10-03 09:07,202605040103,11:05,118,pre,2026-10-03 09:05:31,15,63.1,13
2026-10-03 09:07,202605040103,11:05,118,pre,2026-10-03 09:05:31,16,10.8,5
2026-10-03 09:07,202605040103,11:05,118,pre,2026-10-03 09:05:31,17,81.7,16
2026-10-03 09:07,202605040103,11:05,118,pre,2026-10-03 09:05:31,18,40.6,11
2026-10-03 09:07,202605040104,11:35,148,pre,2026-10-03 09:05:36,1,25.6,10
2026-10-03 09:07,202605040104,11:35,148,pre,2026-10-03 09:05:36,2,11.8,6
2026-10-03 09:07,202605040104,11:35,148,pre,2026-10-03 09:05:36,3,5.9,3
2026-10-03 09:07,202605040104,11:35,148,pre,2026-10-03 09:05:36,4,16.0,7
2026-10-03 09:07,202605040104,11:35,148,pre,2026-10-03 09:05:36,5,33.7,12
2026-10-03 09:07,202605040104,11:35,148,pre,2026-10-03 09:05:36,6,29.8,11
2026-10-03 09:07,202605040104,11:35,148,pre,2026-10-03 09:05:36,7,7.7,4
2026-10-03 09:07,202605040104,11:35,148,pre,2026-10-03 09:05:36,8,4.7,2
2026-10-03 09:07,202605040104,11:35,148,pre,2026-10-03 09:05:36,9,3.6,1
2026-10-03 09:07,202605040104,11:35,148,pre,2026-10-03 09:05:36,10,23.5,9
2026-10-03 09:07,202605040104,11:35,148,pre,2026-10-03 09:05:36,11,21.0,8
2026-10-03 09:07,202605040104,11:35,148,pre,2026-10-03 09:05:36,12,7.8,5
2026-10-03 09:07,202608040101,09:50,43,pre,2026-10-03 09:07:06,1,71.0,10
2026-10-03 09:07,202608040101,09:50,43,pre,2026-10-03 09:07:06,2,11.1,6
2026-10-03 09:07,202608040101,09:50,43,pre,2026-10-03 09:07:06,3,8.0,4
2026-10-03 09:07,202608040101,09:50,43,pre,2026-10-03 09:07:06,4,7.6,3
2026-10-03 09:07,202608040101,09:50,43,pre,2026-10-03 09:07:06,5,8.1,5
2026-10-03 09:07,202608040101,09:50,43,pre,2026-10-03 09:07:06,6,110.2,12
2026-10-03 09:07,202608040101,09:50,43,pre,2026-10-03 09:07:06,7,50.5,9
2026-10-03 09:07,202608040101,09:50,43,pre,2026-10-03 09:07:06,8,89.7,11
2026-10-03 09:07,202608040101,09:50,43,pre,2026-10-03 09:07:06,9,121.9,13
2026-10-03 09:07,202608040101,09:50,43,pre,2026-10-03 09:07:06,10,43.2,8
2026-10-03 09:07,202608040101,09:50,43,pre,2026-10-03 09:07:06,11,145.5,15
2026-10-03 09:07,202608040101,09:50,43,pre,2026-10-03 09:07:06,12,24.1,7
2026-10-03 09:07,202608040101,09:50,43,pre,2026-10-03 09:07:06,13,2.0,1
2026-10-03 09:07,202608040101,09:50,43,pre,2026-10-03 09:07:06,14,130.3,14
2026-10-03 09:07,202608040101,09:50,43,pre,2026-10-03 09:07:06,15,6.1,2
2026-10-03 09:07,202608040102,10:20,73,pre,2026-10-03 09:05:16,1,8.9,5
2026-10-03 09:07,202608040102,10:20,73,pre,2026-10-03 09:05:16,2,67.4,9
2026-10-03 09:07,202608040102,10:20,73,pre,2026-10-03 09:05:16,3,3.5,2
2026-10-03 09:07,202608040102,10:20,73,pre,2026-10-03 09:05:16,4,20.5,7
2026-10-03 09:07,202608040102,10:20,73,pre,2026-10-03 09:05:16,5,7.2,4
2026-10-03 09:07,202608040102,10:20,73,pre,2026-10-03 09:05:16,6,87.8,10
2026-10-03 09:07,202608040102,10:20,73,pre,2026-10-03 09:05:16,7,17.9,6
2026-10-03 09:07,202608040102,10:20,73,pre,2026-10-03 09:05:16,8,3.9,3
2026-10-03 09:07,202608040102,10:20,73,pre,2026-10-03 09:05:16,9,30.1,8
2026-10-03 09:07,202608040102,10:20,73,pre,2026-10-03 09:05:16,10,3.2,1
2026-10-03 09:07,202608040103,10:50,103,pre,2026-10-03 09:05:51,1,3.1,1
2026-10-03 09:07,202608040103,10:50,103,pre,2026-10-03 09:05:51,2,8.8,5
2026-10-03 09:07,202608040103,10:50,103,pre,2026-10-03 09:05:51,3,37.6,13
2026-10-03 09:07,202608040103,10:50,103,pre,2026-10-03 09:05:51,4,24.6,8
2026-10-03 09:07,202608040103,10:50,103,pre,2026-10-03 09:05:51,5,28.4,10
2026-10-03 09:07,202608040103,10:50,103,pre,2026-10-03 09:05:51,6,43.7,14
2026-10-03 09:07,202608040103,10:50,103,pre,2026-10-03 09:05:51,7,15.9,6
2026-10-03 09:07,202608040103,10:50,103,pre,2026-10-03 09:05:51,8,144.6,15
2026-10-03 09:07,202608040103,10:50,103,pre,2026-10-03 09:05:51,9,26.1,9
2026-10-03 09:07,202608040103,10:50,103,pre,2026-10-03 09:05:51,10,21.7,7
2026-10-03 09:07,202608040103,10:50,103,pre,2026-10-03 09:05:51,11,5.3,2
2026-10-03 09:07,202608040103,10:50,103,pre,2026-10-03 09:05:51,12,29.5,11
2026-10-03 09:07,202608040103,10:50,103,pre,2026-10-03 09:05:51,13,8.3,4
2026-10-03 09:07,202608040103,10:50,103,pre,2026-10-03 09:05:51,14,6.0,3
2026-10-03 09:07,202608040103,10:50,103,pre,2026-10-03 09:05:51,15,32.9,12
2026-10-03 09:07,202608040103,10:50,103,pre,2026-10-03 09:05:51,16,194.5,16
2026-10-03 09:07,202608040104,11:20,133,pre,2026-10-03 09:05:56,1,16.7,8
2026-10-03 09:07,202608040104,11:20,133,pre,2026-10-03 09:05:56,2,20.5,10
2026-10-03 09:07,202608040104,11:20,133,pre,2026-10-03 09:05:56,3,24.1,12
2026-10-03 09:07,202608040104,11:20,133,pre,2026-10-03 09:05:56,4,19.1,9
2026-10-03 09:07,202608040104,11:20,133,pre,2026-10-03 09:05:56,5,66.0,14
2026-10-03 09:07,202608040104,11:20,133,pre,2026-10-03 09:05:56,6,7.2,3
2026-10-03 09:07,202608040104,11:20,133,pre,2026-10-03 09:05:56,7,43.1,13
2026-10-03 09:07,202608040104,11:20,133,pre,2026-10-03 09:05:56,8,5.3,2
2026-10-03 09:07,202608040104,11:20,133,pre,2026-10-03 09:05:56,9,10.4,6
2026-10-03 09:07,202608040104,11:20,133,pre,2026-10-03 09:05:56,10,22.3,11
2026-10-03 09:07,202608040104,11:20,133,pre,2026-10-03 09:05:56,11,11.5,7
2026-10-03 09:07,202608040104,11:20,133,pre,2026-10-03 09:05:56,12,5.1,1
2026-10-03 09:07,202608040104,11:20,133,pre,2026-10-03 09:05:56,13,7.4,4
2026-10-03 09:07,202608040104,11:20,133,pre,2026-10-03 09:05:56,14,7.9,5
